Climate and earth system science,sciss@octodon.social
Climate and earth system science,tuxom@mastodon.social
Climate and earth system science,Snoro@mastodon.social
Climate and earth system science,VictorVenema@fediscience.org
Climate and earth system science,JuliaKrohmer@mastodon.social
Climate and earth system science,mpk@graz.social
Climate and earth system science,W_Lucht@mstdn.social
Climate and earth system science,ClimateHuman@climatejustice.social
Climate and earth system science,reinholdleinfelder@mastodon.social
Climate and earth system science,animalculum@scholar.social
Climate and earth system science,CopernicusEU@respublicae.eu
Climate and earth system science,Goneri@mamot.fr
Climate and earth system science,dr_norb@fediscience.org
Climate and earth system science,Ruth_Mottram@fediscience.org
Climate and earth system science,steve@fediscience.org
Climate and earth system science,niklashoehne@mastodon.social
Climate and earth system science,markmccaughrean@mastodon.social
Climate and earth system science,MarcoSchrul@mastodon.social
Climate and earth system science,c_ozwei@graz.social
Climate and earth system science,arthurgessler@mastodon.social
Climate and earth system science,ClimateEcho@mastodon.social
Climate and earth system science,dmoser@mastodon.social
Climate and earth system science,madhurrarao@mastodon.social
Climate and earth system science,eliza_beta@mastodon.social
Climate and earth system science,wolfgangcramer@fediscience.org
Climate and earth system science,VQuaschning@mastodon.green
Climate and earth system science,coralsncaves@fediscience.org
Climate and earth system science,vicgrinberg@mastodon.social
Climate and earth system science,tasvo@fediscience.org
Climate and earth system science,kenrice@fediscience.org
Climate and earth system science,ian_brown@fediscience.org
Climate and earth system science,jdannan@fediscience.org
Climate and earth system science,ClnHz@mstdn.social
Climate and earth system science,Fmkdejong@fediscience.org
Climate and earth system science,MBergmann@mstdn.social
Climate and earth system science,underdarkGIS@fosstodon.org
Climate and earth system science,rwalker1501@mastodon.online
Climate and earth system science,jknodlseder@astrodon.social
Climate and earth system science,TatianaIlyina@mas.to
Climate and earth system science,pzieger@mastodon.nu
Climate and earth system science,rebekka_artz@fediscience.org
Climate and earth system science,LysanneSnijders@mas.to
Climate and earth system science,IngolfKuehn@fediscience.org
Climate and earth system science,pfriedling@mas.to
Climate and earth system science,abastos@mas.to
Climate and earth system science,ct_bergstrom@fediscience.org
Climate and earth system science,prehistormic@fediscience.org
Climate and earth system science,lavergnetho@fediscience.org
Climate and earth system science,ZLabe@fediscience.org
Climate and earth system science,huprice@mastodon.social
Climate and earth system science,ed_hawkins@fediscience.org
Climate and earth system science,fransjan@fediscience.org
Climate and earth system science,BassisJeremy@fediscience.org
Climate and earth system science,Andreamc@mapstodon.space
Climate and earth system science,daniel_huppmann@mastodon.social
Climate and earth system science,TrevorAmestoy@fediscience.org
Climate and earth system science,jamespope10@fediscience.org
Climate and earth system science,saravicca@fediscience.org
Climate and earth system science,MichaelEMann@fediscience.org
Climate and earth system science,GearsLaboratory@fediscience.org
Climate and earth system science,jmlilly@fediscience.org
Climate and earth system science,OceanTerra@fediscience.org
Climate and earth system science,voooos@sciencemastodon.com
Climate and earth system science,Marianabrito@fediscience.org
Climate and earth system science,hstenner@qoto.org
Climate and earth system science,nadiah@fediscience.org
Climate and earth system science,MarjolijnHaasnoot@fediscience.org
Climate and earth system science,povl@fediscience.org
Climate and earth system science,bjerknesBCCR@fediscience.org
Climate and earth system science,Andy_Scollick@mastodon.green
Climate and earth system science,petergleick@fediscience.org
Climate and earth system science,indianaclimate@fediscience.org
Climate and earth system science,oyvindocean@fosstodon.org
Climate and earth system science,gwagner@fediscience.org
Climate and earth system science,RARohde@fediscience.org
Climate and earth system science,atthenius@fediscience.org
Climate and earth system science,pauleastwood@mastodon.energy
Climate and earth system science,simon_on_energy@fediscience.org
Climate and earth system science,franzi@eupolicy.social
Climate and earth system science,DrEvanGowan@fediscience.org
Climate and earth system science,Brad_Rosenheim@climatejustice.rocks
Climate and earth system science,laurencedyke@mastodon.social
Climate and earth system science,CarbonBubble@mastodon.energy
Climate and earth system science,davidho@mastodon.world
Climate and earth system science,andrewdessler@mastodon.world
Climate and earth system science,schymans@mastodon.social
Climate and earth system science,reuterbal@mast.hpc.social
Climate and earth system science,aeromattsmith@mastodonapp.uk
Climate and earth system science,kathhayhoe@climatejustice.rocks
Climate and earth system science,MPI_Meteo@wisskomm.social
Climate and earth system science,cassouman40@piaille.fr
Climate and earth system science,PIK_climate@wisskomm.social
Climate and earth system science,micdob@mas.to
Climate and earth system science,seaice@botsin.space
Climate and earth system science,jpGattuso@fediscience.org
Climate and earth system science,BM_Visser@mastodon.energy
Climate journalism and climate communication,christianschwaegerl@mastodon.social
Climate journalism and climate communication,KlaraMSchenk@climatejustice.social
Climate journalism and climate communication,Sheril@mastodon.social
Climate journalism and climate communication,wblau@mastodon.social
Climate journalism and climate communication,rikgoverde@mastodon.social
Climate journalism and climate communication,gkalinkat@det.social
Climate journalism and climate communication,metaphornerd@fediscience.org
Climate journalism and climate communication,suswatibasu@mstdn.social
Climate journalism and climate communication,InfopointA@det.social
Climate journalism and climate communication,sean@mastodon.green
Climate journalism and climate communication,anja@chaos.social
Climate journalism and climate communication,mss7676@mastodontech.de
Climate journalism and climate communication,M_B_Petersen@fediscience.org
Climate journalism and climate communication,voooos@sciencemastodon.com
Climate journalism and climate communication,WanderingGaia@toot.community
Climate journalism and climate communication,KlimaWandeln@reporter.social
Climate journalism and climate communication,kathhayhoe@climatejustice.rocks
Climate journalism and climate communication,ericholthaus@journa.host
Activism and politics,xrgermany@social.rebellion.global
Activism and politics,parents4future@climatejustice.global
Activism and politics,SheDrivesMobility@norden.social
Activism and politics,AufstandLastGen@climatejustice.social
Activism and politics,ScientistRebellion@social.rebellion.global
Activism and politics,muellertadzio@climatejustice.social
Activism and politics,S4F_Wien@graz.social
Activism and politics,ClimateHuman@climatejustice.social
Activism and politics,KlaraMSchenk@climatejustice.social
Activism and politics,c_ozwei@graz.social
Activism and politics,burger_jaap@mastodon.social
Activism and politics,franzi@eupolicy.social
Activism and politics,norakroeger@mastodon.social
Activism and politics,TransitionTog@climatejustice.global
Activism and politics,XRebellionAT@social.rebellion.global
Activism and politics,agoraverkehr@agora-thinktanks.social
Activism and politics,JohannaSydow@mastodon.world
Ukraine and russia,anneapplebaum@journa.host
Ukraine and russia,anderspuck@krigskunst.social
Open Web,rauschma@fosstodon.org
Open Web,dawitt@toot.cafe
Open Web,Migueldeicaza@mastodon.social
Open Web,zachleat@zachleat.com
Open Web,codepo8@toot.cafe
Open Web,westbrook@mastodon.social
Open Web,ricci@discuss.systems
Open Web,matuzo@front-end.social
Open Web,joelanman@hachyderm.io
